loss,pr_auc,dice_coef,binary_io_u,training_time
0.0007317687850445509,0.5224834084510803,0.3797408938407898,0.34065935015678406,1939.483525276184
