loss,pr_auc,dice_coef,binary_io_u,training_time
0.0007329449872486293,0.5272770524024963,0.39439916610717773,0.34156498312950134,1306.1145792007446
