loss,pr_auc,dice_coef,binary_io_u,training_time
0.0007315317634493113,0.5288036465644836,0.4109356701374054,0.37005674839019775,941.6381216049194
